,Keyword,Description,Categories,Brand,Growth,Volume,Growth Indicator,Speed Indicator,Seasonality Indicator,Volatility Indicator,Sentiment Indicator,Forecast Indicator,Timeframe,URL,Channel Breakdown,Search History,Brand,Company,Ticker,Exchange,Country
0,Popmart,"Popmart is a company known for producing designer toys and collectibles, particularly through the use of blind boxes containing figures made of ABS/PVC. The company differentiates itself by collaborating with various artists to create unique and limited-edition figures, appealing to collectors and enthusiasts who enjoy the surprise element of blind box purchases. Popmart's products are primarily targeted at toy collectors, art enthusiasts, and individuals interested in unique and artistic collectibles.","entertainment,lifestyle,retail,toys,art",Yes,+9900%,2740000,Exploding,Exponential,Low,Average,Positive,Growing,Past 5 years,https://semrush.com/app/exploding-topics/topic/popmart-uTSkGjzA,,"06/01/2020: 0, 07/01/2020: 0, 08/01/2020: 0, 09/01/2020: 0, 10/01/2020: 0, 11/01/2020: 27399, 12/01/2020: 27399, 01/01/2021: 27399, 02/01/2021: 27399, 03/01/2021: 27399, 04/01/2021: 27399, 05/01/2021: 27399, 06/01/2021: 27399, 07/01/2021: 27399, 08/01/2021: 27399, 09/01/2021: 27399, 10/01/2021: 27399, 11/01/2021: 27399, 12/01/2021: 27399, 01/01/2022: 27399, 02/01/2022: 27399, 03/01/2022: 27399, 04/01/2022: 27399, 05/01/2022: 27399, 06/01/2022: 27399, 07/01/2022: 54799, 08/01/2022: 54799, 09/01/2022: 82199, 10/01/2022: 54799, 11/01/2022: 82199, 12/01/2022: 109599, 01/01/2023: 82199, 02/01/2023: 82199, 03/01/2023: 54799, 04/01/2023: 54799, 05/01/2023: 82199, 06/01/2023: 82199, 07/01/2023: 82199, 08/01/2023: 109599, 09/01/2023: 136999, 10/01/2023: 109599, 11/01/2023: 136999, 12/01/2023: 164399, 01/01/2024: 191800, 02/01/2024: 219199, 03/01/2024: 301400, 04/01/2024: 657599, 05/01/2024: 657599, 06/01/2024: 657599, 07/01/2024: 986399, 08/01/2024: 1150799, 09/01/2024: 1041199, 10/01/2024: 1506999, 11/01/2024: 1424799, 12/01/2024: 1561799, 01/01/2025: 1397399, 02/01/2025: 1424799, 03/01/2025: 1671399, 04/01/2025: 2219399, 05/01/2025: 2740000, 06/01/2025: 2011276, 07/01/2025: 2151191, 08/01/2025: 2182672, 09/01/2025: 2238638, 10/01/2025: 2264872, 11/01/2025: 2336578, 12/01/2025: 2422276, 01/01/2026: 2439765, 02/01/2026: 2562191, 03/01/2026: 2686365, 04/01/2026: 2876999, 05/01/2026: 3101446",Popmart,Pop Mart International Group,9992,HKEX,Hong Kong
1,Sanrio blind box,"Collectible items featuring Sanrio's popular characters, such as Hello Kitty and My Melody, packaged in a way that conceals the specific item until opened. These boxes typically contain items like figurines or keychains, offering a surprise element that adds to their appeal. Sanrio blind boxes are particularly popular among collectors and fans of Sanrio's cute character designs.","entertainment,lifestyle,ecommerce,toys",Yes,+9900%,22200,Exploding,Exponential,Low,Low,Positive,Growing,Past 5 years,https://semrush.com/app/exploding-topics/topic/sanrio-blind-box-4ifodSiW,,"06/01/2020: 0, 07/01/2020: 0, 08/01/2020: 0, 09/01/2020: 0, 10/01/2020: 0, 11/01/2020: 0, 12/01/2020: 0, 01/01/2021: 666, 02/01/2021: 0, 03/01/2021: 666, 04/01/2021: 443, 05/01/2021: 0, 06/01/2021: 666, 07/01/2021: 666, 08/01/2021: 1109, 09/01/2021: 666, 10/01/2021: 666, 11/01/2021: 666, 12/01/2021: 1109, 01/01/2022: 887, 02/01/2022: 887, 03/01/2022: 1997, 04/01/2022: 1997, 05/01/2022: 1332, 06/01/2022: 1332, 07/01/2022: 2885, 08/01/2022: 1554, 09/01/2022: 1997, 10/01/2022: 3774, 11/01/2022: 3995, 12/01/2022: 5771, 01/01/2023: 6216, 02/01/2023: 7325, 03/01/2023: 6437, 04/01/2023: 7548, 05/01/2023: 8879, 06/01/2023: 9990, 07/01/2023: 11100, 08/01/2023: 9324, 09/01/2023: 9324, 10/01/2023: 9324, 11/01/2023: 13097, 12/01/2023: 16872, 01/01/2024: 13764, 02/01/2024: 11322, 03/01/2024: 13319, 04/01/2024: 13319, 05/01/2024: 12654, 06/01/2024: 12654, 07/01/2024: 11987, 08/01/2024: 12875, 09/01/2024: 13319, 10/01/2024: 15096, 11/01/2024: 19091, 12/01/2024: 21533, 01/01/2025: 21533, 02/01/2025: 18426, 03/01/2025: 19536, 04/01/2025: 19536, 05/01/2025: 22200, 06/01/2025: 22146, 07/01/2025: 22226, 08/01/2025: 22369, 09/01/2025: 22545, 10/01/2025: 24138, 11/01/2025: 27532, 12/01/2025: 30113, 01/01/2026: 30033, 02/01/2026: 27882, 03/01/2026: 27978, 04/01/2026: 28121, 05/01/2026: 28679",Sanrio Blind Box,"Sanrio Company, Ltd.",8136,TSE,Japan
2,Fera pets,"Brand offering veterinarian-created pet health supplements, including probiotics, joint support chews, and dental powders. It focuses on organic and high-quality ingredients to enhance pet health and well-being, distinguishing itself with formulations developed by veterinarians. The target demographic includes pet owners seeking natural and effective health supplements for their pets.","health,lifestyle,supplements,pets,nutrition",Yes,+7900%,1300,Regular,Accelerating,Low,High,Positive,Stationary,Past 5 years,https://semrush.com/app/exploding-topics/topic/fera-pets-ATirdp3M,"Facebook: 0.48, Instagram: 0.65, LinkedIn: 0.43, Pinterest: 0.51, Reddit: 0.15, TikTok: 0.50, Twitter: 0.07, YouTube: 0.34","06/01/2020: 0, 07/01/2020: 0, 08/01/2020: 357, 09/01/2020: 0, 10/01/2020: 0, 11/01/2020: 0, 12/01/2020: 0, 01/01/2021: 0, 02/01/2021: 0, 03/01/2021: 0, 04/01/2021: 0, 05/01/2021: 0, 06/01/2021: 0, 07/01/2021: 0, 08/01/2021: 0, 09/01/2021: 0, 10/01/2021: 0, 11/01/2021: 0, 12/01/2021: 0, 01/01/2022: 0, 02/01/2022: 0, 03/01/2022: 0, 04/01/2022: 0, 05/01/2022: 0, 06/01/2022: 0, 07/01/2022: 0, 08/01/2022: 861, 09/01/2022: 422, 10/01/2022: 0, 11/01/2022: 0, 12/01/2022: 0, 01/01/2023: 0, 02/01/2023: 0, 03/01/2023: 0, 04/01/2023: 0, 05/01/2023: 0, 06/01/2023: 325, 07/01/2023: 0, 08/01/2023: 0, 09/01/2023: 0, 10/01/2023: 0, 11/01/2023: 601, 12/01/2023: 390, 01/01/2024: 0, 02/01/2024: 682, 03/01/2024: 487, 04/01/2024: 422, 05/01/2024: 552, 06/01/2024: 763, 07/01/2024: 763, 08/01/2024: 682, 09/01/2024: 958, 10/01/2024: 991, 11/01/2024: 796, 12/01/2024: 942, 01/01/2025: 1137, 02/01/2025: 1478, 03/01/2025: 1186, 04/01/2025: 1625, 05/01/2025: 1300, 06/01/2025: 500, 07/01/2025: 570, 08/01/2025: 546, 09/01/2025: 587, 10/01/2025: 516, 11/01/2025: 570, 12/01/2025: 537, 01/01/2026: 525, 02/01/2026: 629, 03/01/2026: 563, 04/01/2026: 637, 05/01/2026: 605",Fera Pets,General Mills,GIS,NYSE,United States
3,Peach riot blind box,"This is a collection of 12 collectible figures, each packaged in a way that conceals its identity until opened, adding an element of surprise. The collection includes a potential secret edition figure, which increases the excitement and rarity for collectors. It is primarily targeted at collectors and enthusiasts of novelty items who enjoy the thrill of discovering unique and rare figures.","entertainment,lifestyle,toys,design,art",Yes,+7900%,1900,Exploding,Exponential,Low,High,Positive,Growing,Past 5 years,https://semrush.com/app/exploding-topics/topic/peach-riot-blind-box-NnZhTkHe,,"06/01/2020: 0, 07/01/2020: 0, 08/01/2020: 0, 09/01/2020: 0, 10/01/2020: 0, 11/01/2020: 0, 12/01/2020: 0, 01/01/2021: 0, 02/01/2021: 0, 03/01/2021: 0, 04/01/2021: 0, 05/01/2021: 0, 06/01/2021: 0, 07/01/2021: 0, 08/01/2021: 0, 09/01/2021: 0, 10/01/2021: 0, 11/01/2021: 0, 12/01/2021: 0, 01/01/2022: 0, 02/01/2022: 0, 03/01/2022: 0, 04/01/2022: 0, 05/01/2022: 0, 06/01/2022: 0, 07/01/2022: 0, 08/01/2022: 0, 09/01/2022: 0, 10/01/2022: 0, 11/01/2022: 0, 12/01/2022: 0, 01/01/2023: 0, 02/01/2023: 0, 03/01/2023: 0, 04/01/2023: 0, 05/01/2023: 0, 06/01/2023: 0, 07/01/2023: 0, 08/01/2023: 0, 09/01/2023: 0, 10/01/2023: 0, 11/01/2023: 0, 12/01/2023: 380, 01/01/2024: 617, 02/01/2024: 427, 03/01/2024: 380, 04/01/2024: 1045, 05/01/2024: 403, 06/01/2024: 0, 07/01/2024: 498, 08/01/2024: 427, 09/01/2024: 617, 10/01/2024: 498, 11/01/2024: 712, 12/01/2024: 760, 01/01/2025: 1472, 02/01/2025: 878, 03/01/2025: 1401, 04/01/2025: 1567, 05/01/2025: 1900, 06/01/2025: 1339, 07/01/2025: 1453, 08/01/2025: 1356, 09/01/2025: 1382, 10/01/2025: 1282, 11/01/2025: 1350, 12/01/2025: 1389, 01/01/2026: 1667, 02/01/2026: 1432, 03/01/2026: 1430, 04/01/2026: 1624, 05/01/2026: 1576",Peach Riot Blind Box,Pop Mart,999999.0,HKEX,Hong Kong
4,PassportCard,"International health insurance provider that covers healthcare costs for policyholders worldwide. It differentiates itself by offering a real-time claims settlement process, eliminating the need for out-of-pocket expenses and reimbursement procedures. PassportCard primarily serves expatriates, frequent travelers, and international employees in over 150 countries.","business,finance,lifestyle,insurance,travel",Yes,+6800%,135000,Regular,Accelerating,High,Low,Positive,Declining,Past 5 years,https://semrush.com/app/exploding-topics/topic/passportcard,"Facebook: 0.66, Instagram: 0.54, LinkedIn: 0.68, Pinterest: 0.18, Reddit: 0.17, TikTok: 0.44, Twitter: 0.45, YouTube: 0.46","06/01/2020: 1956, 07/01/2020: 1956, 08/01/2020: 1956, 09/01/2020: 1956, 10/01/2020: 1956, 11/01/2020: 0, 12/01/2020: 0, 01/01/2021: 0, 02/01/2021: 1956, 03/01/2021: 1956, 04/01/2021: 7826, 05/01/2021: 15652, 06/01/2021: 27391, 07/01/2021: 33260, 08/01/2021: 23478, 09/01/2021: 58695, 10/01/2021: 37173, 11/01/2021: 11739, 12/01/2021: 5869, 01/01/2022: 23478, 02/01/2022: 48913, 03/01/2022: 56739, 04/01/2022: 62608, 05/01/2022: 66521, 06/01/2022: 160434, 07/01/2022: 195652, 08/01/2022: 187826, 09/01/2022: 164347, 10/01/2022: 140869, 11/01/2022: 129130, 12/01/2022: 131086, 01/01/2023: 105652, 02/01/2023: 93913, 03/01/2023: 140869, 04/01/2023: 133043, 05/01/2023: 138913, 06/01/2023: 160434, 07/01/2023: 185869, 08/01/2023: 178043, 09/01/2023: 170217, 10/01/2023: 97826, 11/01/2023: 39130, 12/01/2023: 43043, 01/01/2024: 54782, 02/01/2024: 78260, 03/01/2024: 88043, 04/01/2024: 103695, 05/01/2024: 111521, 06/01/2024: 135000, 07/01/2024: 156521, 08/01/2024: 142826, 09/01/2024: 150652, 10/01/2024: 97826, 11/01/2024: 91956, 12/01/2024: 111521, 01/01/2025: 117391, 02/01/2025: 127173, 03/01/2025: 133043, 04/01/2025: 125217, 05/01/2025: 135000, 06/01/2025: 158893, 07/01/2025: 162079, 08/01/2025: 159610, 09/01/2025: 153318, 10/01/2025: 130619, 11/01/2025: 117557, 12/01/2025: 120265, 01/01/2026: 122654, 02/01/2026: 125442, 03/01/2026: 135398, 04/01/2026: 141371, 05/01/2026: 141769",PassportCard,White Mountains Insurance Group,WTM,NYSE,USA
5,Hiya health,"A company that focuses on providing children's vitamins, known for offering a chewable vitamin free from added sugars, artificial ingredients, and common allergens. The vitamins are formulated to support children's health with a blend of essential nutrients, emphasizing clean, sustainable, and effective ingredients. Hiya Health primarily targets parents seeking healthy and safe vitamin options for their children.","health,lifestyle,supplements,nutrition,healthcare",Yes,+6400%,6600,Regular,Accelerating,Low,Average,Positive,Growing,Past 5 years,https://semrush.com/app/exploding-topics/topic/hiya-health-nWJMyhQB,,"06/01/2020: 0, 07/01/2020: 0, 08/01/2020: 0, 09/01/2020: 0, 10/01/2020: 0, 11/01/2020: 0, 12/01/2020: 710, 01/01/2021: 710, 02/01/2021: 0, 03/01/2021: 0, 04/01/2021: 0, 05/01/2021: 812, 06/01/2021: 0, 07/01/2021: 710, 08/01/2021: 0, 09/01/2021: 812, 10/01/2021: 812, 11/01/2021: 1320, 12/01/2021: 913, 01/01/2022: 1116, 02/01/2022: 1015, 03/01/2022: 812, 04/01/2022: 1015, 05/01/2022: 812, 06/01/2022: 1116, 07/01/2022: 1218, 08/01/2022: 1726, 09/01/2022: 2030, 10/01/2022: 1827, 11/01/2022: 1726, 12/01/2022: 2030, 01/01/2023: 2132, 02/01/2023: 2233, 03/01/2023: 3046, 04/01/2023: 2436, 05/01/2023: 2741, 06/01/2023: 2233, 07/01/2023: 2741, 08/01/2023: 2843, 09/01/2023: 2538, 10/01/2023: 2741, 11/01/2023: 3756, 12/01/2023: 2640, 01/01/2024: 3452, 02/01/2024: 3756, 03/01/2024: 3249, 04/01/2024: 3756, 05/01/2024: 3046, 06/01/2024: 4569, 07/01/2024: 5990, 08/01/2024: 6803, 09/01/2024: 7716, 10/01/2024: 7107, 11/01/2024: 7209, 12/01/2024: 7615, 01/01/2025: 10153, 02/01/2025: 10052, 03/01/2025: 8123, 04/01/2025: 7920, 05/01/2025: 6600, 06/01/2025: 8367, 07/01/2025: 8910, 08/01/2025: 9197, 09/01/2025: 9389, 10/01/2025: 8654, 11/01/2025: 8635, 12/01/2025: 8590, 01/01/2026: 10187, 02/01/2026: 11145, 03/01/2026: 10142, 04/01/2026: 9963, 05/01/2026: 9452",Hiya Health,"USANA Health Sciences, Inc.",USNA,NYSE,United States
6,Radius recycling,"A company engaged in steel manufacturing and scrap metal recycling, previously known as Schnitzer Steel Industries, Inc., and headquartered in Portland, Oregon. It is recognized for its commitment to sustainable recycling practices, which differentiates it from competitors in the industry. The company primarily serves industries and businesses seeking environmentally responsible recycling solutions and steel products.","business,lifestyle,eco,supply-chain,manufacturing",Yes,+4800%,18100,Regular,Accelerating,Low,Low,Neutral,Growing,Past 5 years,https://semrush.com/app/exploding-topics/topic/radius-recycling-QwivBpFe,"Facebook: 0.37, Instagram: 0.25, LinkedIn: 0.72, Pinterest: 0.09, Reddit: 0.23, TikTok: 0.06, Twitter: 0.46, YouTube: 0.36","06/01/2020: 0, 07/01/2020: 0, 08/01/2020: 0, 09/01/2020: 0, 10/01/2020: 0, 11/01/2020: 0, 12/01/2020: 0, 01/01/2021: 0, 02/01/2021: 0, 03/01/2021: 0, 04/01/2021: 0, 05/01/2021: 2216, 06/01/2021: 0, 07/01/2021: 0, 08/01/2021: 0, 09/01/2021: 0, 10/01/2021: 1846, 11/01/2021: 0, 12/01/2021: 0, 01/01/2022: 0, 02/01/2022: 1477, 03/01/2022: 1477, 04/01/2022: 2216, 05/01/2022: 2585, 06/01/2022: 1846, 07/01/2022: 0, 08/01/2022: 0, 09/01/2022: 1477, 10/01/2022: 1846, 11/01/2022: 0, 12/01/2022: 2955, 01/01/2023: 1846, 02/01/2023: 3324, 03/01/2023: 2216, 04/01/2023: 0, 05/01/2023: 0, 06/01/2023: 0, 07/01/2023: 4432, 08/01/2023: 11451, 09/01/2023: 14036, 10/01/2023: 10342, 11/01/2023: 10342, 12/01/2023: 10342, 01/01/2024: 11081, 02/01/2024: 15514, 03/01/2024: 12559, 04/01/2024: 17730, 05/01/2024: 15514, 06/01/2024: 18100, 07/01/2024: 20685, 08/01/2024: 16622, 09/01/2024: 16622, 10/01/2024: 16991, 11/01/2024: 16991, 12/01/2024: 16622, 01/01/2025: 22902, 02/01/2025: 17361, 03/01/2025: 36938, 04/01/2025: 20316, 05/01/2025: 18100, 06/01/2025: 25976, 07/01/2025: 28993, 08/01/2025: 28825, 09/01/2025: 27317, 10/01/2025: 27820, 11/01/2025: 28557, 12/01/2025: 28825, 01/01/2026: 27150, 02/01/2026: 30501, 03/01/2026: 33116, 04/01/2026: 32177, 05/01/2026: 28379",Radius Recycling,"Radius Recycling, Inc.",RDUS,NASDAQ,United States
7,Hirono blind box,"The Hirono blind box is a collectible series by Pop Mart, designed by artist Lang, featuring figures that encapsulate various emotions and nuances of life. This collection is distinguished by its artistic representation and emotional depth, offering a unique experience for collectors. It primarily appeals to art enthusiasts and collectors who appreciate detailed and expressive figurines.","entertainment,lifestyle,ecommerce,toys,art",Yes,+3500%,8100,Regular,Accelerating,Low,Low,Positive,Growing,Past 5 years,https://semrush.com/app/exploding-topics/topic/hirono-blind-box-JGRZHEza,,"06/01/2020: 0, 07/01/2020: 0, 08/01/2020: 0, 09/01/2020: 0, 10/01/2020: 0, 11/01/2020: 0, 12/01/2020: 0, 01/01/2021: 0, 02/01/2021: 0, 03/01/2021: 0, 04/01/2021: 0, 05/01/2021: 0, 06/01/2021: 0, 07/01/2021: 0, 08/01/2021: 0, 09/01/2021: 0, 10/01/2021: 0, 11/01/2021: 0, 12/01/2021: 0, 01/01/2022: 0, 02/01/2022: 0, 03/01/2022: 675, 04/01/2022: 0, 05/01/2022: 900, 06/01/2022: 675, 07/01/2022: 0, 08/01/2022: 0, 09/01/2022: 675, 10/01/2022: 0, 11/01/2022: 675, 12/01/2022: 1125, 01/01/2023: 1125, 02/01/2023: 900, 03/01/2023: 675, 04/01/2023: 675, 05/01/2023: 900, 06/01/2023: 1125, 07/01/2023: 1125, 08/01/2023: 1800, 09/01/2023: 1125, 10/01/2023: 1575, 11/01/2023: 2250, 12/01/2023: 2475, 01/01/2024: 4275, 02/01/2024: 3150, 03/01/2024: 3375, 04/01/2024: 2925, 05/01/2024: 1575, 06/01/2024: 3150, 07/01/2024: 3150, 08/01/2024: 3600, 09/01/2024: 3600, 10/01/2024: 4500, 11/01/2024: 7200, 12/01/2024: 10350, 01/01/2025: 10575, 02/01/2025: 9225, 03/01/2025: 6975, 04/01/2025: 9900, 05/01/2025: 8100, 06/01/2025: 8923, 07/01/2025: 8923, 08/01/2025: 9774, 09/01/2025: 10090, 10/01/2025: 11154, 11/01/2025: 12383, 12/01/2025: 13763, 01/01/2026: 14415, 02/01/2026: 14037, 03/01/2026: 13728, 04/01/2026: 13351, 05/01/2026: 13271",Hirono blind box,Pop Mart,9992.HK,Hong Kong Stock Exchange,Hong Kong
8,Owlet dream,"Smart baby monitoring system that includes the Dream Sock and Owlet Cam. The Dream Sock monitors live health readings such as heart rate and oxygen levels, while the Owlet Cam streams HD video with night vision and offers sound and motion notifications, providing comprehensive health and sleep tracking for infants. This system is primarily targeted at parents who want to closely monitor their baby's health and sleep patterns for added peace of mind.","technology,health,lifestyle,baby,healthcare,ai",Yes,+2900%,6600,Exploding,Exponential,Low,Low,Positive,Growing,Past 5 years,https://semrush.com/app/exploding-topics/topic/owlet-dream,"Facebook: 0.72, Instagram: 0.58, LinkedIn: 0.18, Pinterest: 0.64, Reddit: 0.75, TikTok: 0.68, Twitter: 0.40, YouTube: 0.50","06/01/2020: 220, 07/01/2020: 0, 08/01/2020: 0, 09/01/2020: 220, 10/01/2020: 220, 11/01/2020: 220, 12/01/2020: 220, 01/01/2021: 220, 02/01/2021: 220, 03/01/2021: 220, 04/01/2021: 220, 05/01/2021: 0, 06/01/2021: 220, 07/01/2021: 146, 08/01/2021: 220, 09/01/2021: 293, 10/01/2021: 146, 11/01/2021: 146, 12/01/2021: 1246, 01/01/2022: 2933, 02/01/2022: 2273, 03/01/2022: 2126, 04/01/2022: 2273, 05/01/2022: 2420, 06/01/2022: 2786, 07/01/2022: 3153, 08/01/2022: 2566, 09/01/2022: 3080, 10/01/2022: 2933, 11/01/2022: 3080, 12/01/2022: 2640, 01/01/2023: 3520, 02/01/2023: 2786, 03/01/2023: 3373, 04/01/2023: 3153, 05/01/2023: 2786, 06/01/2023: 2786, 07/01/2023: 2860, 08/01/2023: 3153, 09/01/2023: 3300, 10/01/2023: 3006, 11/01/2023: 4693, 12/01/2023: 4693, 01/01/2024: 4106, 02/01/2024: 4473, 03/01/2024: 3960, 04/01/2024: 4253, 05/01/2024: 4253, 06/01/2024: 4766, 07/01/2024: 5793, 08/01/2024: 5573, 09/01/2024: 5573, 10/01/2024: 5426, 11/01/2024: 6526, 12/01/2024: 6453, 01/01/2025: 7260, 02/01/2025: 6820, 03/01/2025: 7333, 04/01/2025: 6746, 05/01/2025: 6600, 06/01/2025: 6967, 07/01/2025: 7059, 08/01/2025: 6954, 09/01/2025: 7036, 10/01/2025: 6990, 11/01/2025: 7506, 12/01/2025: 7680, 01/01/2026: 8117, 02/01/2026: 8232, 03/01/2026: 8113, 04/01/2026: 8209, 05/01/2026: 8002",Owlet Dream,"Owlet, Inc.",OWLT,NYSE,United States
9,Nuuly,"Nuuly is a clothing rental subscription service owned by URBN, the parent company of Anthropologie, Free People, and Urban Outfitters. It allows subscribers to rent six items per month from a diverse selection of over 150 brands, with the option to purchase items at a discount. Nuuly is targeted at fashion-conscious individuals who want access to trendy, high-quality clothing without the commitment of full ownership.","fashion,lifestyle,clothing,eco",Yes,+2867%,246000,Exploding,Exponential,Low,Average,Positive,Growing,Past 5 years,https://semrush.com/app/exploding-topics/topic/nuuly-xXyyMLrj,"Facebook: 0.61, Instagram: 0.91, LinkedIn: 0.78, Pinterest: 0.82, Reddit: 0.76, TikTok: 1.00, Twitter: 0.58, YouTube: 0.68","06/01/2020: 8292, 07/01/2020: 11056, 08/01/2020: 11056, 09/01/2020: 11056, 10/01/2020: 11056, 11/01/2020: 11056, 12/01/2020: 11056, 01/01/2021: 8292, 02/01/2021: 11056, 03/01/2021: 11056, 04/01/2021: 16584, 05/01/2021: 16584, 06/01/2021: 13820, 07/01/2021: 13820, 08/01/2021: 16584, 09/01/2021: 22112, 10/01/2021: 24876, 11/01/2021: 27640, 12/01/2021: 24876, 01/01/2022: 35932, 02/01/2022: 46988, 03/01/2022: 58044, 04/01/2022: 58044, 05/01/2022: 60808, 06/01/2022: 55280, 07/01/2022: 55280, 08/01/2022: 63573, 09/01/2022: 71865, 10/01/2022: 71865, 11/01/2022: 66337, 12/01/2022: 66337, 01/01/2023: 82921, 02/01/2023: 93977, 03/01/2023: 93977, 04/01/2023: 102269, 05/01/2023: 82921, 06/01/2023: 80157, 07/01/2023: 88449, 08/01/2023: 88449, 09/01/2023: 96741, 10/01/2023: 88449, 11/01/2023: 93977, 12/01/2023: 88449, 01/01/2024: 110561, 02/01/2024: 138202, 03/01/2024: 140966, 04/01/2024: 146494, 05/01/2024: 149258, 06/01/2024: 127146, 07/01/2024: 124382, 08/01/2024: 146494, 09/01/2024: 165842, 10/01/2024: 154786, 11/01/2024: 143730, 12/01/2024: 165842, 01/01/2025: 204539, 02/01/2025: 218359, 03/01/2025: 276404, 04/01/2025: 248764, 05/01/2025: 246000, 06/01/2025: 255993, 07/01/2025: 259837, 08/01/2025: 265680, 09/01/2025: 273675, 10/01/2025: 275981, 11/01/2025: 282900, 12/01/2025: 297506, 01/01/2026: 322875, 02/01/2026: 344399, 03/01/2026: 370230, 04/01/2026: 386681, 05/01/2026: 398212",Nuuly,"Urban Outfitters, Inc. (URBN)",URBN,NASDAQ,United States
10,Runna,"Personalized running coach service offering tailored training plans designed by expert coaches and enhanced by AI technology. This service differentiates itself by providing customized plans that adapt to individual progress and goals, aiming to optimize performance and motivation for runners. Runna primarily targets individuals seeking structured and personalized guidance to improve their running capabilities, from beginners to advanced athletes.","health,lifestyle,software,fitness,healthcare,education",Yes,+2050%,33100,Exploding,Exponential,Low,Low,Positive,Growing,Past 5 years,https://semrush.com/app/exploding-topics/topic/runna-J8xX3kts,,"06/01/2020: 1539, 07/01/2020: 1539, 08/01/2020: 1539, 09/01/2020: 1154, 10/01/2020: 1539, 11/01/2020: 1539, 12/01/2020: 1539, 01/01/2021: 1539, 02/01/2021: 1154, 03/01/2021: 1539, 04/01/2021: 1539, 05/01/2021: 1539, 06/01/2021: 1539, 07/01/2021: 1154, 08/01/2021: 1154, 09/01/2021: 1154, 10/01/2021: 1154, 11/01/2021: 1154, 12/01/2021: 1154, 01/01/2022: 1539, 02/01/2022: 1154, 03/01/2022: 1154, 04/01/2022: 1539, 05/01/2022: 1539, 06/01/2022: 1539, 07/01/2022: 1539, 08/01/2022: 1539, 09/01/2022: 1539, 10/01/2022: 1539, 11/01/2022: 1539, 12/01/2022: 1154, 01/01/2023: 1539, 02/01/2023: 1539, 03/01/2023: 1539, 04/01/2023: 1924, 05/01/2023: 2309, 06/01/2023: 3079, 07/01/2023: 3848, 08/01/2023: 4233, 09/01/2023: 4233, 10/01/2023: 4618, 11/01/2023: 4618, 12/01/2023: 4618, 01/01/2024: 8082, 02/01/2024: 7312, 03/01/2024: 7312, 04/01/2024: 10391, 05/01/2024: 9237, 06/01/2024: 10006, 07/01/2024: 10006, 08/01/2024: 11546, 09/01/2024: 11546, 10/01/2024: 12701, 11/01/2024: 15780, 12/01/2024: 16165, 01/01/2025: 23093, 02/01/2025: 19629, 03/01/2025: 19244, 04/01/2025: 38488, 05/01/2025: 33100, 06/01/2025: 40358, 07/01/2025: 43552, 08/01/2025: 47269, 09/01/2025: 49069, 10/01/2025: 52553, 11/01/2025: 56444, 12/01/2025: 60973, 01/01/2026: 67216, 02/01/2026: 65764, 03/01/2026: 62251, 04/01/2026: 77814, 05/01/2026: 84588",Runna,"Strava, Inc.",STRV,NYSE,USA
11,Mathway,"Online math problem solver that provides step-by-step solutions to various math problems, including algebra and calculus. Mathway differentiates itself by offering a user-friendly interface and a wide range of problem-solving capabilities, making it a valuable tool for both students and educators. The primary users of Mathway are students seeking homework assistance and individuals looking to improve their math skills.","technology,lifestyle,education,ai",Yes,+1600%,1500000,Peaked,Stationary,Medium,Low,Neutral,Stationary,Past 5 years,https://semrush.com/app/exploding-topics/topic/mathway,"Facebook: 0.54, Instagram: 0.49, LinkedIn: 0.41, Pinterest: 0.60, Reddit: 0.73, TikTok: 0.55, Twitter: 0.63, YouTube: 0.65","06/01/2020: 0, 07/01/2020: 0, 08/01/2020: 0, 09/01/2020: 0, 10/01/2020: 0, 11/01/2020: 0, 12/01/2020: 0, 01/01/2021: 0, 02/01/2021: 0, 03/01/2021: 176470, 04/01/2021: 2647058, 05/01/2021: 5294117, 06/01/2021: 3000000, 07/01/2021: 1764705, 08/01/2021: 3176470, 09/01/2021: 6794117, 10/01/2021: 7058823, 11/01/2021: 6088235, 12/01/2021: 4323529, 01/01/2022: 5294117, 02/01/2022: 6529411, 03/01/2022: 6352941, 04/01/2022: 6970588, 05/01/2022: 5911764, 06/01/2022: 3352941, 07/01/2022: 1941176, 08/01/2022: 4323529, 09/01/2022: 8823529, 10/01/2022: 7941176, 11/01/2022: 6882352, 12/01/2022: 4852941, 01/01/2023: 6088235, 02/01/2023: 6794117, 03/01/2023: 6705882, 04/01/2023: 5470588, 05/01/2023: 5382352, 06/01/2023: 3000000, 07/01/2023: 1764705, 08/01/2023: 3529411, 09/01/2023: 7235294, 10/01/2023: 6617647, 11/01/2023: 5558823, 12/01/2023: 4147058, 01/01/2024: 4588235, 02/01/2024: 5558823, 03/01/2024: 4411764, 04/01/2024: 4500000, 05/01/2024: 3529411, 06/01/2024: 1676470, 07/01/2024: 1323529, 08/01/2024: 2647058, 09/01/2024: 4588235, 10/01/2024: 3794117, 11/01/2024: 2911764, 12/01/2024: 2117647, 01/01/2025: 2294117, 02/01/2025: 2647058, 03/01/2025: 2029411, 04/01/2025: 1852941, 05/01/2025: 1500000, 06/01/2025: 120000, 07/01/2025: 75000, 08/01/2025: 120000, 09/01/2025: 150000, 10/01/2025: 75000, 11/01/2025: 180000, 12/01/2025: 75000, 01/01/2026: 90000, 02/01/2026: 75000, 03/01/2026: 144000, 04/01/2026: 180000, 05/01/2026: 140000",Mathway,"Chegg, Inc.",CHGG,NYSE,United States
12,wellio,"Wellio is an AI food tech company based in San Francisco, focused on enhancing meal planning and preparation through intelligent technology. Acquired by Kraft Heinz in 2018, Wellio's platform acts as a personal nutritionist, chef, and shopper, helping users discover, order, and prepare meals by delivering fresh ingredients and providing on-demand cooking support. This acquisition was part of Kraft Heinz's strategy to bolster its digital innovation efforts through its Evolv Ventures, a $100 million venture capital fund aimed at disrupting the food industry with emerging technologies.","health,lifestyle,software,education,mental-health",Yes,+1143%,6600,Exploding,Exponential,Low,Low,Positive,Declining,Past 5 years,https://semrush.com/app/exploding-topics/topic/wellio,"Facebook: 0.57, Instagram: 0.52, LinkedIn: 0.60, Pinterest: 0.52, Reddit: 0.06, TikTok: 0.50, Twitter: 0.41, YouTube: 0.47","06/01/2020: 531, 07/01/2020: 531, 08/01/2020: 379, 09/01/2020: 682, 10/01/2020: 682, 11/01/2020: 455, 12/01/2020: 379, 01/01/2021: 379, 02/01/2021: 303, 03/01/2021: 455, 04/01/2021: 379, 05/01/2021: 606, 06/01/2021: 455, 07/01/2021: 531, 08/01/2021: 379, 09/01/2021: 531, 10/01/2021: 606, 11/01/2021: 682, 12/01/2021: 606, 01/01/2022: 758, 02/01/2022: 682, 03/01/2022: 682, 04/01/2022: 834, 05/01/2022: 986, 06/01/2022: 1213, 07/01/2022: 758, 08/01/2022: 682, 09/01/2022: 910, 10/01/2022: 986, 11/01/2022: 834, 12/01/2022: 758, 01/01/2023: 834, 02/01/2023: 1593, 03/01/2023: 1289, 04/01/2023: 834, 05/01/2023: 1213, 06/01/2023: 1441, 07/01/2023: 2124, 08/01/2023: 1062, 09/01/2023: 1365, 10/01/2023: 1213, 11/01/2023: 1896, 12/01/2023: 834, 01/01/2024: 1441, 02/01/2024: 5082, 03/01/2024: 3262, 04/01/2024: 2124, 05/01/2024: 3489, 06/01/2024: 3186, 07/01/2024: 3337, 08/01/2024: 3034, 09/01/2024: 2958, 10/01/2024: 2882, 11/01/2024: 3262, 12/01/2024: 1668, 01/01/2025: 2200, 02/01/2025: 7586, 03/01/2025: 6524, 04/01/2025: 3793, 05/01/2025: 6600, 06/01/2025: 5657, 07/01/2025: 6031, 08/01/2025: 5756, 09/01/2025: 5719, 10/01/2025: 5802, 11/01/2025: 5324, 12/01/2025: 3223, 01/01/2026: 3327, 02/01/2026: 6385, 03/01/2026: 6572, 04/01/2026: 4034, 05/01/2026: 3660",wellio,The Kraft Heinz Company,KHC,NASDAQ,United States
13,Pair ai,"Multidisciplinary team at Google focused on exploring the human side of artificial intelligence. PAIR conducts fundamental research, builds tools, creates design frameworks, and works on various projects to make AI more accessible, understandable, and beneficial to people, differentiating itself by emphasizing human-centered principles in AI design. The target demographic includes researchers, designers, and developers interested in integrating human-centered approaches into AI technology.","technology,lifestyle,education,ai",Yes,+1050%,590,Exploding,Exponential,High,Average,Positive,Growing,Past 5 years,https://semrush.com/app/exploding-topics/topic/pair-ai,"Facebook: 0.22, Instagram: 0.08, LinkedIn: 0.44, Pinterest: 0.11, Reddit: 0.17, TikTok: 0.22, Twitter: 0.22, YouTube: 0.35","06/01/2020: 51, 07/01/2020: 59, 08/01/2020: 59, 09/01/2020: 59, 10/01/2020: 51, 11/01/2020: 59, 12/01/2020: 59, 01/01/2021: 51, 02/01/2021: 34, 03/01/2021: 68, 04/01/2021: 68, 05/01/2021: 76, 06/01/2021: 94, 07/01/2021: 85, 08/01/2021: 68, 09/01/2021: 68, 10/01/2021: 59, 11/01/2021: 59, 12/01/2021: 59, 01/01/2022: 85, 02/01/2022: 85, 03/01/2022: 119, 04/01/2022: 85, 05/01/2022: 94, 06/01/2022: 111, 07/01/2022: 85, 08/01/2022: 76, 09/01/2022: 85, 10/01/2022: 94, 11/01/2022: 94, 12/01/2022: 136, 01/01/2023: 162, 02/01/2023: 188, 03/01/2023: 196, 04/01/2023: 239, 05/01/2023: 282, 06/01/2023: 222, 07/01/2023: 265, 08/01/2023: 273, 09/01/2023: 333, 10/01/2023: 316, 11/01/2023: 359, 12/01/2023: 316, 01/01/2024: 367, 02/01/2024: 410, 03/01/2024: 376, 04/01/2024: 384, 05/01/2024: 393, 06/01/2024: 350, 07/01/2024: 299, 08/01/2024: 384, 09/01/2024: 444, 10/01/2024: 478, 11/01/2024: 487, 12/01/2024: 513, 01/01/2025: 530, 02/01/2025: 855, 03/01/2025: 735, 04/01/2025: 615, 05/01/2025: 590, 06/01/2025: 532, 07/01/2025: 501, 08/01/2025: 565, 09/01/2025: 587, 10/01/2025: 609, 11/01/2025: 643, 12/01/2025: 644, 01/01/2026: 658, 02/01/2026: 801, 03/01/2026: 801, 04/01/2026: 737, 05/01/2026: 701",PAIR AI,Alphabet Inc.,GOOGL,NASDAQ,United States
14,Wild deodorant,"Natural, eco-friendly, refillable, vegan, and cruelty-free deodorant offering long-lasting protection. It differentiates itself with a variety of scents and colors, and its refillable design reduces waste, making it a sustainable choice. This product is targeted at environmentally conscious consumers seeking effective and ethical personal care solutions.","beauty,health,lifestyle,personal-care,eco,makeup-cosmetics",Yes,+562%,201000,Exploding,Exponential,Medium,Low,Positive,Declining,Past 5 years,https://semrush.com/app/exploding-topics/topic/wild-deodorant,"Facebook: 0.47, Instagram: 0.57, LinkedIn: 0.21, Pinterest: 0.55, Reddit: 0.56, TikTok: 0.69, Twitter: 0.21, YouTube: 0.55","06/01/2020: 30383, 07/01/2020: 32720, 08/01/2020: 35058, 09/01/2020: 30383, 10/01/2020: 35058, 11/01/2020: 39732, 12/01/2020: 25709, 01/01/2021: 37395, 02/01/2021: 44406, 03/01/2021: 39732, 04/01/2021: 56093, 05/01/2021: 58430, 06/01/2021: 63104, 07/01/2021: 65441, 08/01/2021: 77127, 09/01/2021: 56093, 10/01/2021: 70116, 11/01/2021: 79465, 12/01/2021: 58430, 01/01/2022: 86476, 02/01/2022: 88813, 03/01/2022: 98162, 04/01/2022: 114523, 05/01/2022: 98162, 06/01/2022: 121534, 07/01/2022: 149581, 08/01/2022: 121534, 09/01/2022: 114523, 10/01/2022: 123872, 11/01/2022: 128546, 12/01/2022: 105174, 01/01/2023: 126209, 02/01/2023: 147244, 03/01/2023: 154255, 04/01/2023: 147244, 05/01/2023: 149581, 06/01/2023: 161267, 07/01/2023: 154255, 08/01/2023: 149581, 09/01/2023: 147244, 10/01/2023: 130883, 11/01/2023: 147244, 12/01/2023: 114523, 01/01/2024: 142569, 02/01/2024: 186976, 03/01/2024: 212686, 04/01/2024: 189313, 05/01/2024: 233720, 06/01/2024: 191651, 07/01/2024: 182302, 08/01/2024: 182302, 09/01/2024: 158930, 10/01/2024: 177627, 11/01/2024: 189313, 12/01/2024: 154255, 01/01/2025: 172953, 02/01/2025: 198662, 03/01/2025: 208011, 04/01/2025: 198662, 05/01/2025: 201000, 06/01/2025: 186185, 07/01/2025: 189788, 08/01/2025: 184984, 09/01/2025: 175374, 10/01/2025: 179578, 11/01/2025: 182101, 12/01/2025: 162761, 01/01/2026: 172972, 02/01/2026: 185584, 03/01/2026: 184503, 04/01/2026: 171770, 05/01/2026: 160960",Wild deodorant,Unilever,ULVR,LSE,UK
15,Viator,"Online platform that offers a variety of tours, activities, and travel experiences globally. As a subsidiary of TripAdvisor, it partners with local tour operators to provide these services, often including user reviews and ratings to help travelers make informed decisions. Viator primarily targets tourists and travelers seeking curated and reliable travel experiences worldwide.","business,lifestyle,travel,retail",Yes,+379%,823000,Exploding,Exponential,Medium,Low,Positive,Declining,Past 5 years,https://semrush.com/app/exploding-topics/topic/viator,"Facebook: 1.00, Instagram: 0.90, LinkedIn: 0.89, Pinterest: 0.90, Reddit: 0.92, TikTok: 0.83, Twitter: 0.99, YouTube: 0.89","06/01/2020: 171835, 07/01/2020: 180879, 08/01/2020: 162791, 09/01/2020: 189923, 10/01/2020: 144703, 11/01/2020: 144703, 12/01/2020: 126615, 01/01/2021: 144703, 02/01/2021: 144703, 03/01/2021: 198967, 04/01/2021: 217054, 05/01/2021: 244186, 06/01/2021: 316538, 07/01/2021: 334626, 08/01/2021: 307494, 09/01/2021: 325582, 10/01/2021: 316538, 11/01/2021: 307494, 12/01/2021: 262274, 01/01/2022: 316538, 02/01/2022: 406978, 03/01/2022: 506461, 04/01/2022: 560725, 05/01/2022: 605945, 06/01/2022: 633076, 07/01/2022: 614989, 08/01/2022: 642120, 09/01/2022: 596901, 10/01/2022: 587857, 11/01/2022: 506461, 12/01/2022: 515505, 01/01/2023: 642120, 02/01/2023: 705428, 03/01/2023: 696384, 04/01/2023: 732560, 05/01/2023: 750648, 06/01/2023: 832043, 07/01/2023: 832043, 08/01/2023: 768736, 09/01/2023: 714472, 10/01/2023: 642120, 11/01/2023: 560725, 12/01/2023: 560725, 01/01/2024: 741604, 02/01/2024: 750648, 03/01/2024: 804912, 04/01/2024: 786824, 05/01/2024: 877263, 06/01/2024: 877263, 07/01/2024: 877263, 08/01/2024: 813956, 09/01/2024: 813956, 10/01/2024: 696384, 11/01/2024: 642120, 12/01/2024: 687340, 01/01/2025: 823000, 02/01/2025: 823000, 03/01/2025: 904395, 04/01/2025: 886307, 05/01/2025: 823000, 06/01/2025: 967703, 07/01/2025: 915700, 08/01/2025: 848323, 09/01/2025: 768736, 10/01/2025: 685079, 11/01/2025: 602327, 12/01/2025: 603684, 01/01/2026: 707689, 02/01/2026: 780041, 03/01/2026: 839279, 04/01/2026: 884046, 05/01/2026: 928512",Viator,Tripadvisor,TRIP,NASDAQ,United States
16,TripIt,"Travel organization app that consolidates all travel details into a single itinerary, regardless of where the plans were booked. It allows users to access their travel plans across devices and even while offline, providing convenience and ease of use. TripIt is particularly beneficial for frequent travelers and business professionals who need to manage multiple travel arrangements efficiently.","business,technology,lifestyle,travel,productivity",Yes,+288%,74000,Exploding,Exponential,High,Average,Positive,Stationary,Past 5 years,https://semrush.com/app/exploding-topics/topic/tripit,"Facebook: 0.62, Instagram: 0.65, LinkedIn: 0.60, Pinterest: 0.55, Reddit: 0.69, TikTok: 0.59, Twitter: 0.73, YouTube: 0.58","06/01/2020: 19096, 07/01/2020: 19096, 08/01/2020: 16709, 09/01/2020: 16709, 10/01/2020: 11935, 11/01/2020: 11935, 12/01/2020: 11935, 01/01/2021: 11935, 02/01/2021: 11935, 03/01/2021: 14322, 04/01/2021: 16709, 05/01/2021: 19096, 06/01/2021: 21483, 07/01/2021: 23870, 08/01/2021: 21483, 09/01/2021: 16709, 10/01/2021: 21483, 11/01/2021: 19096, 12/01/2021: 19096, 01/01/2022: 26258, 02/01/2022: 33419, 03/01/2022: 40580, 04/01/2022: 45354, 05/01/2022: 50129, 06/01/2022: 50129, 07/01/2022: 47741, 08/01/2022: 45354, 09/01/2022: 45354, 10/01/2022: 38193, 11/01/2022: 38193, 12/01/2022: 38193, 01/01/2023: 45354, 02/01/2023: 54903, 03/01/2023: 52516, 04/01/2023: 52516, 05/01/2023: 57290, 06/01/2023: 59677, 07/01/2023: 54903, 08/01/2023: 54903, 09/01/2023: 50129, 10/01/2023: 45354, 11/01/2023: 40580, 12/01/2023: 42967, 01/01/2024: 54903, 02/01/2024: 59677, 03/01/2024: 62064, 04/01/2024: 64451, 05/01/2024: 64451, 06/01/2024: 66838, 07/01/2024: 66838, 08/01/2024: 66838, 09/01/2024: 69225, 10/01/2024: 62064, 11/01/2024: 54903, 12/01/2024: 52516, 01/01/2025: 62064, 02/01/2025: 71612, 03/01/2025: 78774, 04/01/2025: 78774, 05/01/2025: 74000, 06/01/2025: 78663, 07/01/2025: 75824, 08/01/2025: 69742, 09/01/2025: 62849, 10/01/2025: 58794, 11/01/2025: 54820, 12/01/2025: 54131, 01/01/2026: 64876, 02/01/2026: 72378, 03/01/2026: 78014, 04/01/2026: 79068, 05/01/2026: 79203",TripIt,SAP SE (via SAP Concur),SAP,XETRA,Germany
17,Maxbone,"A company that specializes in pet fashion products, aiming to reimagine the pet industry by combining influences from fashion, art, and architecture with upscale functionality. Maxbone offers a range of products including pet carriers, harnesses, apparel, toys, beds, and leashes, designed to be both elegant and functional, differentiating itself through its focus on style and quality. The target demographic includes pet owners who value high-end, stylish, and functional pet accessories.","business,lifestyle,ecommerce,retail,pets",Yes,+212%,50,Regular,Accelerating,Medium,Average,Positive,Growing,Past 5 years,https://semrush.com/app/exploding-topics/topic/maxbone,"Facebook: 0.54, Instagram: 0.61, LinkedIn: 0.37, Pinterest: 0.75, Reddit: 0.17, TikTok: 0.49, Twitter: 0.37, YouTube: 0.50","06/01/2020: 16, 07/01/2020: 14, 08/01/2020: 12, 09/01/2020: 15, 10/01/2020: 16, 11/01/2020: 29, 12/01/2020: 30, 01/01/2021: 38, 02/01/2021: 25, 03/01/2021: 28, 04/01/2021: 27, 05/01/2021: 21, 06/01/2021: 18, 07/01/2021: 23, 08/01/2021: 29, 09/01/2021: 35, 10/01/2021: 40, 11/01/2021: 69, 12/01/2021: 66, 01/01/2022: 54, 02/01/2022: 37, 03/01/2022: 39, 04/01/2022: 40, 05/01/2022: 42, 06/01/2022: 42, 07/01/2022: 44, 08/01/2022: 55, 09/01/2022: 44, 10/01/2022: 66, 11/01/2022: 94, 12/01/2022: 82, 01/01/2023: 60, 02/01/2023: 57, 03/01/2023: 44, 04/01/2023: 46, 05/01/2023: 42, 06/01/2023: 35, 07/01/2023: 35, 08/01/2023: 38, 09/01/2023: 41, 10/01/2023: 43, 11/01/2023: 60, 12/01/2023: 63, 01/01/2024: 51, 02/01/2024: 43, 03/01/2024: 44, 04/01/2024: 56, 05/01/2024: 41, 06/01/2024: 34, 07/01/2024: 34, 08/01/2024: 33, 09/01/2024: 42, 10/01/2024: 48, 11/01/2024: 50, 12/01/2024: 52, 01/01/2025: 45, 02/01/2025: 43, 03/01/2025: 34, 04/01/2025: 35, 05/01/2025: 50, 06/01/2025: 34, 07/01/2025: 38, 08/01/2025: 37, 09/01/2025: 39, 10/01/2025: 50, 11/01/2025: 62, 12/01/2025: 68, 01/01/2026: 55, 02/01/2026: 54, 03/01/2026: 43, 04/01/2026: 40, 05/01/2026: 45",Maxbone,Wag! Group Co.,PET,NasdaqGM,United States
18,Edgard & Cooper,"Belgian brand of pet food introduced in 2016, known for its sustainable approach to pet nutrition. The company offers a range of products for both cats and dogs, including wet food, dry food, snacks, and dental products, differentiating itself through its commitment to sustainability and natural ingredients. Edgard & Cooper primarily targets environmentally-conscious pet owners who seek high-quality, nutritious food for their pets.","business,lifestyle,retail,pets,supply-chain",Yes,+203%,49500,Exploding,Exponential,High,Average,Positive,Growing,Past 5 years,https://semrush.com/app/exploding-topics/topic/edgard-and-cooper-1,"Facebook: 0.62, Instagram: 0.56, LinkedIn: 0.70, Pinterest: 0.73, Reddit: 0.21, TikTok: 0.59, Twitter: 0.40, YouTube: 0.44","06/01/2020: 16335, 07/01/2020: 14355, 08/01/2020: 17820, 09/01/2020: 23265, 10/01/2020: 25245, 11/01/2020: 25245, 12/01/2020: 22770, 01/01/2021: 24255, 02/01/2021: 25245, 03/01/2021: 26235, 04/01/2021: 26235, 05/01/2021: 24750, 06/01/2021: 22770, 07/01/2021: 20790, 08/01/2021: 23265, 09/01/2021: 21780, 10/01/2021: 26235, 11/01/2021: 24750, 12/01/2021: 16335, 01/01/2022: 33660, 02/01/2022: 32670, 03/01/2022: 27225, 04/01/2022: 28710, 05/01/2022: 28710, 06/01/2022: 28710, 07/01/2022: 24255, 08/01/2022: 28710, 09/01/2022: 33165, 10/01/2022: 36135, 11/01/2022: 35145, 12/01/2022: 28710, 01/01/2023: 45540, 02/01/2023: 35145, 03/01/2023: 32175, 04/01/2023: 29700, 05/01/2023: 23760, 06/01/2023: 30195, 07/01/2023: 30195, 08/01/2023: 31680, 09/01/2023: 32670, 10/01/2023: 40590, 11/01/2023: 40590, 12/01/2023: 31680, 01/01/2024: 33165, 02/01/2024: 34650, 03/01/2024: 37620, 04/01/2024: 32175, 05/01/2024: 36135, 06/01/2024: 34650, 07/01/2024: 34650, 08/01/2024: 32175, 09/01/2024: 42075, 10/01/2024: 41085, 11/01/2024: 40590, 12/01/2024: 44055, 01/01/2025: 40095, 02/01/2025: 42075, 03/01/2025: 41085, 04/01/2025: 37620, 05/01/2025: 49500, 06/01/2025: 32736, 07/01/2025: 36373, 08/01/2025: 37702, 09/01/2025: 37006, 10/01/2025: 45704, 11/01/2025: 39220, 12/01/2025: 37955, 01/01/2026: 44281, 02/01/2026: 38271, 03/01/2026: 43395, 04/01/2026: 40643, 05/01/2026: 36373",Edgard & Cooper,General Mills,GIS,NYSE,USA
19,Reply,"Global company headquartered in Italy that specializes in consulting, system integration, and digital services. Reply focuses on the design and implementation of solutions based on the web and social networks, differentiating itself through its extensive network of specialized companies. The company primarily serves businesses seeking advanced digital transformation and innovative technology solutions.","business,technology,lifestyle,productivity,marketing,social-media",Yes,+141%,550000,Regular,Accelerating,Medium,Low,Positive,Growing,Past 5 years,https://semrush.com/app/exploding-topics/topic/reply,"Facebook: 1.00, Instagram: 1.00, LinkedIn: 1.00, Pinterest: 1.00, Reddit: 1.00, TikTok: 1.00, Twitter: 1.00, YouTube: 1.00","06/01/2020: 228461, 07/01/2020: 220000, 08/01/2020: 194615, 09/01/2020: 220000, 10/01/2020: 321538, 11/01/2020: 296153, 12/01/2020: 279230, 01/01/2021: 355384, 02/01/2021: 423076, 03/01/2021: 431538, 04/01/2021: 414615, 05/01/2021: 456923, 06/01/2021: 456923, 07/01/2021: 516153, 08/01/2021: 499230, 09/01/2021: 558461, 10/01/2021: 583846, 11/01/2021: 550000, 12/01/2021: 524615, 01/01/2022: 651538, 02/01/2022: 761538, 03/01/2022: 786923, 04/01/2022: 719230, 05/01/2022: 846153, 06/01/2022: 770000, 07/01/2022: 719230, 08/01/2022: 685384, 09/01/2022: 786923, 10/01/2022: 761538, 11/01/2022: 693846, 12/01/2022: 668461, 01/01/2023: 685384, 02/01/2023: 643076, 03/01/2023: 626153, 04/01/2023: 524615, 05/01/2023: 482307, 06/01/2023: 397692, 07/01/2023: 414615, 08/01/2023: 473846, 09/01/2023: 423076, 10/01/2023: 465384, 11/01/2023: 448461, 12/01/2023: 482307, 01/01/2024: 558461, 02/01/2024: 482307, 03/01/2024: 583846, 04/01/2024: 634615, 05/01/2024: 710769, 06/01/2024: 600769, 07/01/2024: 541538, 08/01/2024: 516153, 09/01/2024: 541538, 10/01/2024: 575384, 11/01/2024: 566923, 12/01/2024: 550000, 01/01/2025: 524615, 02/01/2025: 617692, 03/01/2025: 583846, 04/01/2025: 533076, 05/01/2025: 550000, 06/01/2025: 517227, 07/01/2025: 527914, 08/01/2025: 543730, 09/01/2025: 594170, 10/01/2025: 621955, 11/01/2025: 603575, 12/01/2025: 583484, 01/01/2026: 615544, 02/01/2026: 639054, 03/01/2026: 637772, 04/01/2026: 592033, 05/01/2026: 572797",Reply,Reply S.p.A.,REY,Borsa Italiana,Italy
20,Well people,"Well People is a company that creates award-winning beauty products using premium, plant-derived ingredients. The brand is distinguished by its commitment to natural and sustainable beauty solutions, offering a range of cosmetics that are free from harmful chemicals and synthetic ingredients. Well People primarily targets health-conscious consumers who seek high-quality, eco-friendly beauty products.","business,beauty,lifestyle,retail,makeup-cosmetics,eco",Yes,+73%,12100,Regular,Accelerating,High,Average,Positive,Growing,Past 5 years,https://semrush.com/app/exploding-topics/topic/well-people,"Facebook: 0.75, Instagram: 0.76, LinkedIn: 0.54, Pinterest: 0.70, Reddit: 0.65, TikTok: 0.76, Twitter: 0.87, YouTube: 0.57","06/01/2020: 6980, 07/01/2020: 5894, 08/01/2020: 5429, 09/01/2020: 9152, 10/01/2020: 9617, 11/01/2020: 8532, 12/01/2020: 8221, 01/01/2021: 7291, 02/01/2021: 8687, 03/01/2021: 9152, 04/01/2021: 8997, 05/01/2021: 8842, 06/01/2021: 7135, 07/01/2021: 6360, 08/01/2021: 6515, 09/01/2021: 9617, 10/01/2021: 11169, 11/01/2021: 10858, 12/01/2021: 9462, 01/01/2022: 10703, 02/01/2022: 13806, 03/01/2022: 15512, 04/01/2022: 14582, 05/01/2022: 13030, 06/01/2022: 9617, 07/01/2022: 7291, 08/01/2022: 7756, 09/01/2022: 11789, 10/01/2022: 13496, 11/01/2022: 13030, 12/01/2022: 11169, 01/01/2023: 11479, 02/01/2023: 13651, 03/01/2023: 13961, 04/01/2023: 13185, 05/01/2023: 12565, 06/01/2023: 8532, 07/01/2023: 6670, 08/01/2023: 7446, 09/01/2023: 11324, 10/01/2023: 12100, 11/01/2023: 11789, 12/01/2023: 10083, 01/01/2024: 9773, 02/01/2024: 13806, 03/01/2024: 13185, 04/01/2024: 13806, 05/01/2024: 12410, 06/01/2024: 9462, 07/01/2024: 7756, 08/01/2024: 9152, 09/01/2024: 12875, 10/01/2024: 14582, 11/01/2024: 13496, 12/01/2024: 11634, 01/01/2025: 11944, 02/01/2025: 15512, 03/01/2025: 14271, 04/01/2025: 13341, 05/01/2025: 12100, 06/01/2025: 8642, 07/01/2025: 7935, 08/01/2025: 9177, 09/01/2025: 12021, 10/01/2025: 12414, 11/01/2025: 11880, 12/01/2025: 10528, 01/01/2026: 10410, 02/01/2026: 12257, 03/01/2026: 13105, 04/01/2026: 12885, 05/01/2026: 12519",Well People,"e.l.f. Beauty, Inc.",ELF,NYSE,United States
21,Green metals,"Metals produced in an environmentally friendly manner, focusing on reducing carbon emissions and minimizing environmental impact. These metals, such as aluminum, steel, and copper, are produced using methods like recycling, renewable energy, sustainable mining practices, and innovative technologies, which differentiate them from traditionally produced metals. Green metals are primarily targeted at industries and consumers seeking sustainable and eco-friendly materials to reduce their environmental footprint.","business,industry,lifestyle,manufacturing,automotive,eco",Yes,+59%,8100,Regular,Accelerating,High,Low,Positive,Growing,Past 5 years,https://semrush.com/app/exploding-topics/topic/green-metals,"Facebook: 0.45, Instagram: 0.31, LinkedIn: 0.65, Pinterest: 0.14, Reddit: 0.21, TikTok: 0.10, Twitter: 0.49, YouTube: 0.45","06/01/2020: 5104, 07/01/2020: 5436, 08/01/2020: 5769, 09/01/2020: 6879, 10/01/2020: 6102, 11/01/2020: 5547, 12/01/2020: 6102, 01/01/2021: 6546, 02/01/2021: 6879, 03/01/2021: 7656, 04/01/2021: 5880, 05/01/2021: 6324, 06/01/2021: 6324, 07/01/2021: 8432, 08/01/2021: 7989, 09/01/2021: 8876, 10/01/2021: 8543, 11/01/2021: 7767, 12/01/2021: 5547, 01/01/2022: 8654, 02/01/2022: 8321, 03/01/2022: 8654, 04/01/2022: 7767, 05/01/2022: 7212, 06/01/2022: 6213, 07/01/2022: 6435, 08/01/2022: 5991, 09/01/2022: 8210, 10/01/2022: 7212, 11/01/2022: 7545, 12/01/2022: 7212, 01/01/2023: 8654, 02/01/2023: 10097, 03/01/2023: 7767, 04/01/2023: 6435, 05/01/2023: 7212, 06/01/2023: 6657, 07/01/2023: 5880, 08/01/2023: 6324, 09/01/2023: 7212, 10/01/2023: 6990, 11/01/2023: 7434, 12/01/2023: 7101, 01/01/2024: 7767, 02/01/2024: 8321, 03/01/2024: 6879, 04/01/2024: 7212, 05/01/2024: 7434, 06/01/2024: 7212, 07/01/2024: 6990, 08/01/2024: 7323, 09/01/2024: 9209, 10/01/2024: 10763, 11/01/2024: 8876, 12/01/2024: 8654, 01/01/2025: 9209, 02/01/2025: 11095, 03/01/2025: 8654, 04/01/2025: 8321, 05/01/2025: 8100, 06/01/2025: 7770, 07/01/2025: 8063, 08/01/2025: 8444, 09/01/2025: 9602, 10/01/2025: 9419, 11/01/2025: 9617, 12/01/2025: 8942, 01/01/2026: 10005, 02/01/2026: 10482, 03/01/2026: 10145, 04/01/2026: 8979, 05/01/2026: 9016",Green Metals,The Metals Company Inc,TMC,NASDAQ,United States
22,Trupanion,"Company that provides medical insurance for pets, primarily dogs and cats. Founded in 2000, it offers comprehensive pet insurance plans covering various medical expenses, including surgeries, hospital stays, medications, and diagnostic tests, aiming to help pet owners manage high veterinary costs. Trupanion's services are targeted at pet owners seeking financial assistance for their pets' medical care.","business,finance,lifestyle,insurance,pets",Yes,+55%,135000,Exploding,Exponential,High,Average,Positive,Stationary,Past 5 years,https://semrush.com/app/exploding-topics/topic/trupanion,"Facebook: 0.72, Instagram: 0.71, LinkedIn: 0.77, Pinterest: 0.53, Reddit: 0.84, TikTok: 0.50, Twitter: 0.81, YouTube: 0.52","06/01/2020: 87000, 07/01/2020: 96000, 08/01/2020: 91500, 09/01/2020: 96000, 10/01/2020: 91500, 11/01/2020: 76500, 12/01/2020: 91500, 01/01/2021: 103500, 02/01/2021: 106500, 03/01/2021: 102000, 04/01/2021: 100500, 05/01/2021: 93000, 06/01/2021: 103500, 07/01/2021: 88500, 08/01/2021: 94500, 09/01/2021: 93000, 10/01/2021: 94500, 11/01/2021: 91500, 12/01/2021: 100500, 01/01/2022: 150000, 02/01/2022: 111000, 03/01/2022: 106500, 04/01/2022: 114000, 05/01/2022: 99000, 06/01/2022: 120000, 07/01/2022: 114000, 08/01/2022: 114000, 09/01/2022: 121500, 10/01/2022: 106500, 11/01/2022: 105000, 12/01/2022: 108000, 01/01/2023: 127500, 02/01/2023: 120000, 03/01/2023: 111000, 04/01/2023: 114000, 05/01/2023: 118500, 06/01/2023: 132000, 07/01/2023: 129000, 08/01/2023: 120000, 09/01/2023: 111000, 10/01/2023: 118500, 11/01/2023: 121500, 12/01/2023: 124500, 01/01/2024: 136500, 02/01/2024: 133500, 03/01/2024: 129000, 04/01/2024: 127500, 05/01/2024: 127500, 06/01/2024: 135000, 07/01/2024: 127500, 08/01/2024: 138000, 09/01/2024: 123000, 10/01/2024: 121500, 11/01/2024: 130500, 12/01/2024: 123000, 01/01/2025: 132000, 02/01/2025: 133500, 03/01/2025: 141000, 04/01/2025: 127500, 05/01/2025: 135000, 06/01/2025: 142308, 07/01/2025: 130748, 08/01/2025: 137444, 09/01/2025: 128356, 10/01/2025: 129153, 11/01/2025: 127240, 12/01/2025: 127957, 01/01/2026: 147888, 02/01/2026: 141909, 03/01/2026: 137125, 04/01/2026: 128754, 05/01/2026: 135531",Trupanion,"Trupanion, Inc.",TRUP,NASDAQ,United States
23,bioworks,"Ginkgo Bioworks is a prominent company in the field of synthetic biology, specializing in programming cells for diverse applications. The company utilizes advanced genetic engineering techniques to create custom organisms, which are used in producing cultured ingredients, developing new materials, and creating sustainable solutions. Ginkgo Bioworks primarily serves industries such as pharmaceuticals, agriculture, and consumer goods, aiming to innovate and enhance biotechnological processes.","business,lifestyle,gardening-agriculture,supply-chain,retail",Yes,+55%,3600,Peaked,Stationary,Medium,Low,Positive,Declining,Past 5 years,https://semrush.com/app/exploding-topics/topic/bioworks,"Facebook: 0.56, Instagram: 0.57, LinkedIn: 0.84, Pinterest: 0.47, Reddit: 0.73, TikTok: 0.35, Twitter: 0.74, YouTube: 0.65","06/01/2020: 2329, 07/01/2020: 2011, 08/01/2020: 2011, 09/01/2020: 2117, 10/01/2020: 2117, 11/01/2020: 2011, 12/01/2020: 1800, 01/01/2021: 1694, 02/01/2021: 2011, 03/01/2021: 1905, 04/01/2021: 3176, 05/01/2021: 5082, 06/01/2021: 2752, 07/01/2021: 3070, 08/01/2021: 4552, 09/01/2021: 9847, 10/01/2021: 10588, 11/01/2021: 6247, 12/01/2021: 4764, 01/01/2022: 6776, 02/01/2022: 5400, 03/01/2022: 6352, 04/01/2022: 6141, 05/01/2022: 6247, 06/01/2022: 5505, 07/01/2022: 6352, 08/01/2022: 7094, 09/01/2022: 6141, 10/01/2022: 5823, 11/01/2022: 5188, 12/01/2022: 4341, 01/01/2023: 5082, 02/01/2023: 4976, 03/01/2023: 5294, 04/01/2023: 4447, 05/01/2023: 5717, 06/01/2023: 5400, 07/01/2023: 4976, 08/01/2023: 7200, 09/01/2023: 5717, 10/01/2023: 6141, 11/01/2023: 6564, 12/01/2023: 5188, 01/01/2024: 7094, 02/01/2024: 6564, 03/01/2024: 7094, 04/01/2024: 6776, 05/01/2024: 7623, 06/01/2024: 7941, 07/01/2024: 6035, 08/01/2024: 6776, 09/01/2024: 4976, 10/01/2024: 4129, 11/01/2024: 4023, 12/01/2024: 4341, 01/01/2025: 3917, 02/01/2025: 4341, 03/01/2025: 3705, 04/01/2025: 3705, 05/01/2025: 3600, 06/01/2025: 3786, 07/01/2025: 4406, 08/01/2025: 5412, 09/01/2025: 5151, 10/01/2025: 4468, 11/01/2025: 3401, 12/01/2025: 3041, 01/01/2026: 3972, 02/01/2026: 4313, 03/01/2026: 4121, 04/01/2026: 3662, 05/01/2026: 3475",Bioworks,Ginkgo Bioworks Holdings,DNA,NYSE,United States
24,Virbac,"French company dedicated exclusively to animal health, founded in 1968 by veterinarian Pierre-Richard Dick. It offers a wide range of products and services aimed at improving the health and well-being of animals, distinguishing itself through its focus on virology and bacteriology. The primary target demographic includes veterinarians, pet owners, and livestock farmers seeking specialized animal health solutions.","business,health,lifestyle,pets,retail,healthcare",Yes,+45%,90500,Exploding,Exponential,High,Low,Positive,Stationary,Past 5 years,https://semrush.com/app/exploding-topics/topic/virbac-1,"Facebook: 0.91, Instagram: 0.81, LinkedIn: 0.91, Pinterest: 0.50, Reddit: 0.62, TikTok: 0.64, Twitter: 0.64, YouTube: 0.73","06/01/2020: 62445, 07/01/2020: 63350, 08/01/2020: 63350, 09/01/2020: 60635, 10/01/2020: 56110, 11/01/2020: 55205, 12/01/2020: 53395, 01/01/2021: 58825, 02/01/2021: 62445, 03/01/2021: 66065, 04/01/2021: 66970, 05/01/2021: 60635, 06/01/2021: 60635, 07/01/2021: 63350, 08/01/2021: 64255, 09/01/2021: 58825, 10/01/2021: 59730, 11/01/2021: 56110, 12/01/2021: 50680, 01/01/2022: 63350, 02/01/2022: 67875, 03/01/2022: 70590, 04/01/2022: 70590, 05/01/2022: 66970, 06/01/2022: 64255, 07/01/2022: 70590, 08/01/2022: 68780, 09/01/2022: 69685, 10/01/2022: 66065, 11/01/2022: 67875, 12/01/2022: 62445, 01/01/2023: 69685, 02/01/2023: 76020, 03/01/2023: 72400, 04/01/2023: 69685, 05/01/2023: 71495, 06/01/2023: 78735, 07/01/2023: 76020, 08/01/2023: 80545, 09/01/2023: 79640, 10/01/2023: 76925, 11/01/2023: 75115, 12/01/2023: 73305, 01/01/2024: 77830, 02/01/2024: 79640, 03/01/2024: 77830, 04/01/2024: 80545, 05/01/2024: 76020, 06/01/2024: 77830, 07/01/2024: 82355, 08/01/2024: 83260, 09/01/2024: 85070, 10/01/2024: 80545, 11/01/2024: 80545, 12/01/2024: 73305, 01/01/2025: 85975, 02/01/2025: 85070, 03/01/2025: 84165, 04/01/2025: 82355, 05/01/2025: 90500, 06/01/2025: 86777, 07/01/2025: 90965, 08/01/2025: 90639, 09/01/2025: 86544, 10/01/2025: 86777, 11/01/2025: 85986, 12/01/2025: 80496, 01/01/2026: 87708, 02/01/2026: 92593, 03/01/2026: 90081, 04/01/2026: 92361, 05/01/2026: 93059",Virbac,Virbac SA,VIRP,Euronext Paris,France
25,Petstock,"Pet specialty retailer and franchisor offering a wide range of pet products and services. Petstock Pty Ltd differentiates itself by providing comprehensive services such as grooming, dog washing, puppy school, pet adoption, cattery services, pet ID tags, aquarium water testing, and pet sitting. The company primarily targets pet owners seeking high-quality products and specialized services for their pets.","business,lifestyle,ecommerce,retail,pets",Yes,+37%,246000,Regular,Accelerating,High,Low,Positive,Stationary,Past 5 years,https://semrush.com/app/exploding-topics/topic/petstock,"Facebook: 0.87, Instagram: 0.75, LinkedIn: 0.78, Pinterest: 0.57, Reddit: 0.53, TikTok: 0.56, Twitter: 0.42, YouTube: 0.49","06/01/2020: 180209, 07/01/2020: 177348, 08/01/2020: 197372, 09/01/2020: 168767, 10/01/2020: 171627, 11/01/2020: 168767, 12/01/2020: 180209, 01/01/2021: 165906, 02/01/2021: 180209, 03/01/2021: 168767, 04/01/2021: 200232, 05/01/2021: 217395, 06/01/2021: 197372, 07/01/2021: 200232, 08/01/2021: 214534, 09/01/2021: 208813, 10/01/2021: 237418, 11/01/2021: 208813, 12/01/2021: 248860, 01/01/2022: 251720, 02/01/2022: 228837, 03/01/2022: 251720, 04/01/2022: 286046, 05/01/2022: 260302, 06/01/2022: 243139, 07/01/2022: 257441, 08/01/2022: 240279, 09/01/2022: 240279, 10/01/2022: 243139, 11/01/2022: 251720, 12/01/2022: 263162, 01/01/2023: 251720, 02/01/2023: 211674, 03/01/2023: 234558, 04/01/2023: 237418, 05/01/2023: 223116, 06/01/2023: 237418, 07/01/2023: 228837, 08/01/2023: 214534, 09/01/2023: 203093, 10/01/2023: 220255, 11/01/2023: 243139, 12/01/2023: 263162, 01/01/2024: 257441, 02/01/2024: 205953, 03/01/2024: 243139, 04/01/2024: 248860, 05/01/2024: 220255, 06/01/2024: 234558, 07/01/2024: 280325, 08/01/2024: 237418, 09/01/2024: 228837, 10/01/2024: 223116, 11/01/2024: 237418, 12/01/2024: 268883, 01/01/2025: 251720, 02/01/2025: 231697, 03/01/2025: 240279, 04/01/2025: 243139, 05/01/2025: 246000, 06/01/2025: 254374, 07/01/2025: 244953, 08/01/2025: 233647, 09/01/2025: 248878, 10/01/2025: 248878, 11/01/2025: 238044, 12/01/2025: 248878, 01/01/2026: 264580, 02/01/2026: 257514, 03/01/2026: 247465, 04/01/2026: 239457, 05/01/2026: 235531",Petstock,Petspiration Group,WOW,ASX,Australia
26,Freshpet,"Company that manufactures, markets, and distributes pet food and pet treats for dogs and cats. Freshpet differentiates itself by using blends of fresh meats, vegetables, and fruits that are farmed locally and produced in their own kitchens, aiming to provide healthier and more natural food options for pets. The target demographic includes pet owners who prioritize high-quality, fresh, and natural ingredients in their pets' diets.","business,food-beverage,lifestyle,pets,retail,cpg",Yes,+24%,90500,Regular,Accelerating,High,Low,Positive,Growing,Past 5 years,https://semrush.com/app/exploding-topics/topic/freshpet,"Facebook: 0.62, Instagram: 0.68, LinkedIn: 0.71, Pinterest: 0.75, Reddit: 0.73, TikTok: 0.69, Twitter: 0.64, YouTube: 0.60","06/01/2020: 73261, 07/01/2020: 73261, 08/01/2020: 64642, 09/01/2020: 56023, 10/01/2020: 61410, 11/01/2020: 57101, 12/01/2020: 60333, 01/01/2021: 93732, 02/01/2021: 94809, 03/01/2021: 86190, 04/01/2021: 66797, 05/01/2021: 71107, 06/01/2021: 70029, 07/01/2021: 63565, 08/01/2021: 68952, 09/01/2021: 62488, 10/01/2021: 66797, 11/01/2021: 62488, 12/01/2021: 64642, 01/01/2022: 81880, 02/01/2022: 70029, 03/01/2022: 75416, 04/01/2022: 78648, 05/01/2022: 67875, 06/01/2022: 77571, 07/01/2022: 65720, 08/01/2022: 59255, 09/01/2022: 52791, 10/01/2022: 48482, 11/01/2022: 42017, 12/01/2022: 42017, 01/01/2023: 60333, 02/01/2023: 58178, 03/01/2023: 64642, 04/01/2023: 58178, 05/01/2023: 45250, 06/01/2023: 65720, 07/01/2023: 58178, 08/01/2023: 61410, 09/01/2023: 62488, 10/01/2023: 71107, 11/01/2023: 67875, 12/01/2023: 64642, 01/01/2024: 89422, 02/01/2024: 86190, 03/01/2024: 91577, 04/01/2024: 88345, 05/01/2024: 79726, 06/01/2024: 89422, 07/01/2024: 90500, 08/01/2024: 91577, 09/01/2024: 86190, 10/01/2024: 75416, 11/01/2024: 73261, 12/01/2024: 76494, 01/01/2025: 96964, 02/01/2025: 107738, 03/01/2025: 99119, 04/01/2025: 93732, 05/01/2025: 90500, 06/01/2025: 99178, 07/01/2025: 94219, 08/01/2025: 93227, 09/01/2025: 89260, 10/01/2025: 88640, 11/01/2025: 84797, 12/01/2025: 85851, 01/01/2026: 105376, 02/01/2026: 110335, 03/01/2026: 109839, 04/01/2026: 105686, 05/01/2026: 99591",Freshpet,"Freshpet, Inc",FRPT,NASDAQ,United States
27,Busuu,"Self-led language learning platform offering simplified courses and short, focused lessons to help users build solid foundations in various languages. It differentiates itself by providing both free and Premium plans, with the latter offering additional features and special courses for enhanced learning experiences. Busuu is targeted at individuals seeking to learn new languages at their own pace, including both casual learners and those looking for more structured, in-depth language education.","business,technology,lifestyle,education,social-media,productivity",Yes,+9%,301000,Regular,Accelerating,High,Average,Positive,Stationary,Past 5 years,https://semrush.com/app/exploding-topics/topic/busuu,"Facebook: 0.72, Instagram: 0.61, LinkedIn: 0.75, Pinterest: 0.73, Reddit: 0.91, TikTok: 0.68, Twitter: 0.75, YouTube: 0.70","06/01/2020: 275916, 07/01/2020: 263375, 08/01/2020: 238291, 09/01/2020: 225750, 10/01/2020: 200666, 11/01/2020: 213208, 12/01/2020: 200666, 01/01/2021: 250833, 02/01/2021: 250833, 03/01/2021: 250833, 04/01/2021: 225750, 05/01/2021: 238291, 06/01/2021: 225750, 07/01/2021: 225750, 08/01/2021: 250833, 09/01/2021: 213208, 10/01/2021: 200666, 11/01/2021: 188125, 12/01/2021: 188125, 01/01/2022: 288458, 02/01/2022: 288458, 03/01/2022: 363708, 04/01/2022: 351166, 05/01/2022: 275916, 06/01/2022: 263375, 07/01/2022: 263375, 08/01/2022: 238291, 09/01/2022: 213208, 10/01/2022: 200666, 11/01/2022: 225750, 12/01/2022: 225750, 01/01/2023: 401333, 02/01/2023: 363708, 03/01/2023: 313541, 04/01/2023: 263375, 05/01/2023: 250833, 06/01/2023: 301000, 07/01/2023: 338625, 08/01/2023: 363708, 09/01/2023: 301000, 10/01/2023: 275916, 11/01/2023: 301000, 12/01/2023: 263375, 01/01/2024: 363708, 02/01/2024: 301000, 03/01/2024: 250833, 04/01/2024: 263375, 05/01/2024: 263375, 06/01/2024: 263375, 07/01/2024: 288458, 08/01/2024: 326083, 09/01/2024: 275916, 10/01/2024: 288458, 11/01/2024: 313541, 12/01/2024: 275916, 01/01/2025: 338625, 02/01/2025: 301000, 03/01/2025: 250833, 04/01/2025: 238291, 05/01/2025: 301000, 06/01/2025: 283351, 07/01/2025: 310804, 08/01/2025: 326295, 09/01/2025: 304921, 10/01/2025: 302960, 11/01/2025: 316099, 12/01/2025: 289234, 01/01/2026: 349042, 02/01/2026: 332374, 03/01/2026: 295705, 04/01/2026: 296097, 05/01/2026: 286293",Busuu,"Chegg, Inc.",CHGG,NYSE,USA
28,Sunlight,"Light and energy emitted by the Sun, encompassing visible light, ultraviolet light, and infrared radiation. Sunlight is crucial for life on Earth, driving photosynthesis in plants, which produces oxygen and food for other organisms, and providing health benefits such as vitamin D production in humans. It is essential for all living beings, particularly plants, animals, and humans, who rely on it for energy, growth, and overall well-being.","health,industry,lifestyle,energy,healthcare,eco",Yes,+2%,301000,Regular,Accelerating,Medium,Low,Positive,Stationary,Past 5 years,https://semrush.com/app/exploding-topics/topic/sunlight,"Facebook: 1.00, Instagram: 1.00, LinkedIn: 1.00, Pinterest: 1.00, Reddit: 1.00, TikTok: 1.00, Twitter: 1.00, YouTube: 1.00","06/01/2020: 294000, 07/01/2020: 280000, 08/01/2020: 290500, 09/01/2020: 311500, 10/01/2020: 287000, 11/01/2020: 290500, 12/01/2020: 245000, 01/01/2021: 266000, 02/01/2021: 283500, 03/01/2021: 297500, 04/01/2021: 269500, 05/01/2021: 252000, 06/01/2021: 269500, 07/01/2021: 280000, 08/01/2021: 276500, 09/01/2021: 273000, 10/01/2021: 259000, 11/01/2021: 231000, 12/01/2021: 220500, 01/01/2022: 266000, 02/01/2022: 290500, 03/01/2022: 266000, 04/01/2022: 269500, 05/01/2022: 245000, 06/01/2022: 276500, 07/01/2022: 290500, 08/01/2022: 273000, 09/01/2022: 290500, 10/01/2022: 269500, 11/01/2022: 224000, 12/01/2022: 234500, 01/01/2023: 252000, 02/01/2023: 276500, 03/01/2023: 294000, 04/01/2023: 266000, 05/01/2023: 294000, 06/01/2023: 315000, 07/01/2023: 329000, 08/01/2023: 350000, 09/01/2023: 350000, 10/01/2023: 318500, 11/01/2023: 339500, 12/01/2023: 273000, 01/01/2024: 280000, 02/01/2024: 311500, 03/01/2024: 287000, 04/01/2024: 248500, 05/01/2024: 280000, 06/01/2024: 311500, 07/01/2024: 266000, 08/01/2024: 318500, 09/01/2024: 336000, 10/01/2024: 297500, 11/01/2024: 318500, 12/01/2024: 269500, 01/01/2025: 329000, 02/01/2025: 318500, 03/01/2025: 290500, 04/01/2025: 297500, 05/01/2025: 301000, 06/01/2025: 322642, 07/01/2025: 339623, 08/01/2025: 349213, 09/01/2025: 337626, 10/01/2025: 333630, 11/01/2025: 316449, 12/01/2025: 289679, 01/01/2026: 321643, 02/01/2026: 329634, 03/01/2026: 338824, 04/01/2026: 338625, 05/01/2026: 318314",Sunlight,Unilever PLC,ULVR,LSE,United Kingdom
